id,address_id,user_id,date_of_creation,company_name,full_name_contact_person,phone_number_contact_person,email_contact_person,company_description,full_name_service_person,phone_number_service_person,email_service_person
1,1,2,2016-05-08,Brainbox,"Penelope Drioli",470-187-4512,dgosart0@ca.gov,Bluejam,"Den Gosart",779-798-7439,dgosart0@goo.ne.jp
2,2,3,2017-02-16,Kimia,"Sophronia Presdee",749-277-1624,nfoker1@webeden.co.uk,Flashdog,"Nadeen Foker",432-641-0343,nfoker1@shinystat.com
3,3,4,2018-06-18,Skipfire,"Donica Turmel",904-157-9781,ckeslake2@technorati.com,Babbleblab,"Cristal Keslake",772-133-4663,ckeslake2@ovh.net
4,4,5,2016-06-29,Eare,"Ian Goter",683-735-1165,afrowd3@woothemes.com,Photojam,"Ainslee Frowd",580-827-5662,afrowd3@marriott.com
5,5,6,2017-02-02,Buzzdog,"Elyse Preist",929-806-4232,sdunnaway4@fastcompany.com,Dabfeed,"Scotty Dunnaway",327-975-2860,sdunnaway4@live.com
6,6,7,2018-12-14,Meejo,"Loise Vlasenkov",999-441-1866,hmauro5@google.co.jp,Leexo,"Harwilll Mauro",845-741-5785,hmauro5@salon.com
7,7,8,2016-12-16,Trudoo,"Adler Bohlens",248-338-8817,tharbor6@harvard.edu,Oyoba,"Thedric Harbor",154-481-8844,tharbor6@independent.co.uk
8,8,2,2016-08-14,Edgeify,"Foster Waddicor",197-154-5018,tantonutti7@posterous.com,Leexo,"Tiertza Antonutti",810-539-7321,tantonutti7@admin.ch
9,9,3,2017-03-02,Yodel,"Kelly Abrams",235-777-2327,dshivlin8@homestead.com,Zoovu,"Dante Shivlin",899-402-4897,dshivlin8@nytimes.com
10,10,4,2019-01-02,Ooba,"Farris Brighouse",977-426-4197,acotelard9@printfriendly.com,Nlounge,"Annalise Cotelard",849-298-9753,acotelard9@theatlantic.com
11,11,5,2016-05-14,Edgepulse,"Kiley Jakovijevic",905-748-5512,spendrea@home.pl,Blognation,"Shir Pendre",889-972-3528,spendrea@gov.uk
12,12,6,2017-06-26,Twitterlist,"Casie Maier",331-283-3417,pstoltzb@i2i.jp,Photofeed,"Peadar Stoltz",910-762-4450,pstoltzb@npr.org
13,13,7,2017-01-23,Flashpoint,"Fleurette Gedling",242-779-7512,wjandacc@altervista.org,Voolith,"Worth Jandac",527-136-8331,wjandacc@hud.gov
14,14,8,2018-05-30,Thoughtbeat,"Byran Zeal",999-924-5402,mpeyrod@springer.com,Eayo,"Montgomery Peyro",830-430-5453,mpeyrod@howstuffworks.com
15,15,2,2018-09-01,Innojam,"Keefer Beininck",170-250-7161,bbufferye@g.co,Gabcube,"Barthel Buffery",758-633-1387,bbufferye@jimdo.com
16,16,3,2016-09-12,Twitterbridge,"Nicolle Zupo",571-521-2718,eyewdellf@usatoday.com,Jetpulse,"Ethelred Yewdell",411-889-3674,eyewdellf@rambler.ru
17,17,4,2017-11-26,Roombo,"Karen Turfin",908-207-9958,kegginsong@altervista.org,Ntags,"Kath Egginson",592-980-8764,kegginsong@craigslist.org
18,18,5,2016-07-28,Bluejam,"Erastus Minget",173-790-8512,bwillshireh@arizona.edu,Edgewire,"Birdie Willshire",596-102-2384,bwillshireh@hubpages.com
19,19,6,2017-07-14,Yombu,"Joan VanBrugh",961-440-6047,cneedhami@homestead.com,Tagpad,"Cathleen Needham",186-605-3729,cneedhami@biglobe.ne.jp
20,20,7,2018-12-17,Jaxnation,"Danila Dow",343-314-1623,nbarendtsenj@homestead.com,Thoughtblab,"Niki Barendtsen",444-695-8877,nbarendtsenj@java.com
21,21,8,2018-02-15,Edgewire,"Clive Dumbrall",729-202-2538,mbackwellk@japanpost.jp,Gabtype,"Mellicent Backwell",593-409-7697,mbackwellk@omniture.com
22,22,2,2017-01-12,Trupe,"Dael Jordi",556-474-6128,ybergstrandl@walmart.com,Livetube,"Yovonnda Bergstrand",218-193-8052,ybergstrandl@photobucket.com
23,23,3,2018-06-01,Blognation,"Claus Northeast",252-103-2276,aphilipardm@goo.gl,Podcat,"Adrian Philipard",946-513-5604,aphilipardm@ifeng.com
24,24,4,2016-06-11,Meemm,"Phillida Cordy",658-804-1341,iearthfieldn@rambler.ru,Tazzy,"Ives Earthfield",717-182-1544,iearthfieldn@ehow.com
25,25,5,2016-05-19,Camimbo,"Torrence Havercroft",648-442-8541,rcorrieao@bbb.org,Skimia,"Rutger Corriea",427-627-6108,rcorrieao@a8.net
26,26,6,2016-06-10,Jayo,"Clio Phateplace",744-545-5817,ehankinp@networksolutions.com,Twiyo,"Evelina Hankin",251-398-2930,ehankinp@360.cn
27,27,7,2018-04-25,Photofeed,"Alonso Garshore",818-988-0186,jwilsherq@oracle.com,Flashset,"Joli Wilsher",533-861-4315,jwilsherq@prweb.com
28,28,8,2018-02-18,Shuffledrive,"Whitaker Yearsley",876-956-5283,drizziellor@hubpages.com,Jabberstorm,"Debby Rizziello",586-639-7467,drizziellor@usa.gov
29,29,2,2016-07-28,Aimbu,"Devondra Pulman",344-539-4549,awhitehalls@nydailynews.com,Aimbo,"Ashlee Whitehall",668-789-7031,awhitehalls@arstechnica.com
30,30,3,2016-03-28,Realbuzz,"Chrystel Casolla",672-824-7536,sjeffryest@umn.edu,Dabshots,"Stevana Jeffryes",537-575-2833,sjeffryest@ox.ac.uk
31,31,4,2018-04-12,Tagopia,"Shena Meehan",256-312-2974,eralstonu@bbc.co.uk,Vipe,"Elwin Ralston",463-915-9300,eralstonu@deliciousdays.com
32,32,5,2017-03-01,Innotype,"Suzann Munson",870-936-0118,tcoathupv@elpais.com,Demimbu,"Tann Coathup",657-659-7890,tcoathupv@tumblr.com
33,33,6,2017-01-04,Fivespan,"Sheff OShavlan",126-385-5127,gdodridgew@histats.com,LiveZ,"Gardie Dodridge",833-735-2823,gdodridgew@chron.com
34,34,7,2019-02-27,Skyndu,"Cassy Abrey",500-466-3870,bessamex@amazon.co.uk,Photospace,"Bren Essame",769-764-1652,bessamex@fda.gov
35,35,8,2017-01-17,Rhybox,"Zach Missen",289-339-4078,cbealey@nbcnews.com,Aimbo,"Colet Beale",215-936-0738,cbealey@theguardian.com
36,36,2,2017-08-24,Tambee,"Maddi MacElroy",913-252-8432,jwisedalez@spiegel.de,Ooba,"Jordana Wisedale",727-752-0553,jwisedalez@blogs.com
37,37,3,2017-02-02,Brainbox,"Kristi Di Frisco",821-505-1769,kreadett10@example.com,Innotype,"Kara Readett",966-248-1015,kreadett10@hexun.com
38,38,4,2018-10-01,Shuffletag,"Alford Felder",259-338-4745,jannand11@usgs.gov,Voonix,"Joyce Annand",722-633-9091,jannand11@mediafire.com
39,39,5,2018-01-02,Yakidoo,"Dilly De Filippi",321-988-1316,jsummersby12@chron.com,Browseblab,"Jocelyn Summersby",940-131-3486,jsummersby12@aboutads.info
40,40,6,2018-08-24,Skimia,"Natal Keiley",389-235-5341,akyngdon13@typepad.com,Omba,"Austin Kyngdon",385-489-2442,akyngdon13@jimdo.com
41,41,7,2016-04-01,Skyvu,"Bonny Viggers",953-956-4630,ncoiley14@tinyurl.com,Jetwire,"Noelle Coiley",196-788-3110,ncoiley14@wp.com
42,42,8,2016-12-02,Livetube,"Teresina Schanke",723-337-1095,ustrafford15@oakley.com,Agivu,"Udall Strafford",465-849-7875,ustrafford15@wiley.com
43,43,2,2017-08-04,Jaxbean,"Bertha Degan",344-939-4821,rcotelard16@amazon.com,Youtags,"Rosie Cotelard",729-779-3198,rcotelard16@hc360.com
44,44,3,2018-06-04,Skalith,"Bernardo Feaks",323-141-5716,lweed17@mlb.com,Feedfish,"Lizabeth Weed",160-443-4450,lweed17@samsung.com
45,45,4,2016-09-29,Skinix,"Shem Brightman",580-997-7855,wsimonich18@chronoengine.com,Skiba,"Windy Simonich",667-932-0343,wsimonich18@google.fr
46,46,5,2016-03-19,Camimbo,"Gray Smallpeace",616-940-5837,hshawyer19@foxnews.com,Roodel,"Hedda Shawyer",861-630-1701,hshawyer19@mac.com
47,47,6,2018-11-25,Wikizz,"Kata Bellee",609-118-5384,rcostock1a@japanpost.jp,Gabspot,"Ragnar Costock",761-395-3453,rcostock1a@eepurl.com
48,48,7,2018-04-08,Minyx,"Terrill Le Count",343-553-6062,bscudders1b@amazonaws.com,Mydo,"Bonnibelle Scudders",695-429-8603,bscudders1b@alibaba.com
49,49,8,2017-10-24,Agimba,"Lola Sprionghall",310-796-9161,ceatherton1c@dell.com,Wikibox,"Courtney Eatherton",551-735-5160,ceatherton1c@amazon.co.uk
50,50,2,2017-09-19,Jayo,"Bertrando Tredger",278-786-5604,gtithecote1d@sakura.ne.jp,Viva,"Gilly Tithecote",665-117-1954,gtithecote1d@wikia.com
51,51,3,2016-07-28,Bluejam,"Berti Davidowich",603-557-5011,scolenutt1e@dmoz.org,Divavu,"Sara-ann Colenutt",756-260-7709,scolenutt1e@liveinternet.ru
